Country,Region_Province,Institution,Program,Duration_months,Field_relevance,Intl_tuition_local_currency,Intl_tuition_CAD_verified,Budget_tier,Poststudy_work_months,Poststudy_pathway_name,Fee_basis,Verified_source_URL,Immigration_source_URL,Last_verified,Notes
Germany,Bavaria,Technical University of Munich (TUM),M.Sc. Consumer Affairs,24,Management,24696,36303,No,18,Residence permit for job search (Section 20 AufenthG),per_semester_calc,https://www2.daad.de/deutschland/studienangebote/international-programmes/en/detail/4450/,https://www.make-it-in-germany.com/en/visa-residence/types/studying,2026-07-23,"Indian BBA: apply via uni-assist VPD where required; check ANABIN/ZAB for degree equivalence (H+). 4 semesters × (tuition+Semesterbeitrag); BW non-EU €1,500/sem tuition where applicable; TUM non-EU master's tuition where applicable. Non-EU tuition up to €6,000/sem — over Tier B budget cap at upper rate; verify current TUM fee schedule."
Germany,Bavaria,Technical University of Munich (TUM),M.Sc. Management & Technology,24,Management,16696,24543,Yes,18,Residence permit for job search (Section 20 AufenthG),per_semester_calc,https://www.tum.de/en/studies/degree-programs/management,https://www.make-it-in-germany.com/en/visa-residence/types/studying,2026-07-23,"Indian BBA: apply via uni-assist VPD where required; check ANABIN/ZAB for degree equivalence (H+). 4 semesters × (tuition+Semesterbeitrag); BW non-EU €1,500/sem tuition where applicable; TUM non-EU master's tuition where applicable. Non-EU tuition €4,000–€6,000/sem (TUM); row uses €4,000/sem lower bound."
Germany,Bavaria,Ludwig-Maximilians-Universität München (LMU),M.Sc. Management & Digital Technologies,24,Management,340,500,Yes,18,Residence permit for job search (Section 20 AufenthG),per_semester_calc,https://www.som.lmu.de/en/studies/study-offer/master-management-digital-technologies/,https://www.make-it-in-germany.com/en/visa-residence/types/studying,2026-07-23,"Indian BBA: apply via uni-assist VPD where required; check ANABIN/ZAB for degree equivalence (H+). 4 semesters × (tuition+Semesterbeitrag); BW non-EU €1,500/sem tuition where applicable; TUM non-EU master's tuition where applicable."
Germany,Baden-Württemberg,University of Mannheim,Mannheim Master in Management (M.Sc.) — English track,24,Management,6776,9961,Yes,18,Residence permit for job search (Section 20 AufenthG),per_semester_calc,https://www.uni-mannheim.de/en/academics/before-your-studies/programs/mannheim-master-in-management/,https://www.make-it-in-germany.com/en/visa-residence/types/studying,2026-07-23,"Indian BBA: apply via uni-assist VPD where required; check ANABIN/ZAB for degree equivalence (H+). 4 semesters × (tuition+Semesterbeitrag); BW non-EU €1,500/sem tuition where applicable; TUM non-EU master's tuition where applicable."
Germany,Hesse,Goethe University Frankfurt,M.Sc. Management Science,24,Management,1280,1882,Yes,18,Residence permit for job search (Section 20 AufenthG),per_semester_calc,https://www.wiwi.uni-frankfurt.de/en/study/study-programs/master/master-in-management-science/study-program-profile,https://www.make-it-in-germany.com/en/visa-residence/types/studying,2026-07-23,"Indian BBA: apply via uni-assist VPD where required; check ANABIN/ZAB for degree equivalence (H+). 4 semesters × (tuition+Semesterbeitrag); BW non-EU €1,500/sem tuition where applicable; TUM non-EU master's tuition where applicable."
Germany,Berlin,Humboldt-Universität zu Berlin,"Master in Economics and Management Science (MEMS, M.Sc.)",24,Management,1260,1852,Yes,18,Residence permit for job search (Section 20 AufenthG),per_semester_calc,https://www.wiwi.hu-berlin.de/en/study/studium/mems,https://www.make-it-in-germany.com/en/visa-residence/types/studying,2026-07-23,"Indian BBA: apply via uni-assist VPD where required; check ANABIN/ZAB for degree equivalence (H+). 4 semesters × (tuition+Semesterbeitrag); BW non-EU €1,500/sem tuition where applicable; TUM non-EU master's tuition where applicable."
Germany,Berlin,Technische Universität Berlin,"M.Sc. Innovation Management, Entrepreneurship, and Sustainability (IMES)",24,Management,1260,1852,Yes,18,Residence permit for job search (Section 20 AufenthG),per_semester_calc,https://www.tu.berlin/en/studying/study-programs/all-programs-offered/study-course/innovation-management-entrepreneurship-and-sustainability-m-sc,https://www.make-it-in-germany.com/en/visa-residence/types/studying,2026-07-23,"Indian BBA: apply via uni-assist VPD where required; check ANABIN/ZAB for degree equivalence (H+). 4 semesters × (tuition+Semesterbeitrag); BW non-EU €1,500/sem tuition where applicable; TUM non-EU master's tuition where applicable."
Germany,North Rhine-Westphalia,RWTH Aachen University,"M.Sc. Management and Engineering in Technology, Innovation, Marketing and Sales (TIMES)",24,Management,1280,1882,Yes,18,Residence permit for job search (Section 20 AufenthG),per_semester_calc,https://www.rwth-aachen.de/cms/root/studium/Vor-dem-Studium/Studienangebot/Liste-der-Studiengaenge/Studiengangbeschreibung/~bnrn/Management-und-Ingenieurwesen-in-Technologie-Innovation-Marketing-und-Sales-M-Sc-/?lidx=1,https://www.make-it-in-germany.com/en/visa-residence/types/studying,2026-07-23,"Indian BBA: apply via uni-assist VPD where required; check ANABIN/ZAB for degree equivalence (H+). 4 semesters × (tuition+Semesterbeitrag); BW non-EU €1,500/sem tuition where applicable; TUM non-EU master's tuition where applicable."
Germany,Bavaria,Friedrich-Alexander-Universität Erlangen-Nürnberg (FAU),M.Sc. International Business Studies,24,Business,340,500,Yes,18,Residence permit for job search (Section 20 AufenthG),per_semester_calc,https://www.fau.eu/degree-program/international-business-studies-mibs-m-sc/,https://www.make-it-in-germany.com/en/visa-residence/types/studying,2026-07-23,"Indian BBA: apply via uni-assist VPD where required; check ANABIN/ZAB for degree equivalence (H+). 4 semesters × (tuition+Semesterbeitrag); BW non-EU €1,500/sem tuition where applicable; TUM non-EU master's tuition where applicable."
Germany,Baden-Württemberg,University of Tübingen,M.Sc. in Management and Economics,18,Management,5082,7471,Yes,18,Residence permit for job search (Section 20 AufenthG),per_semester_calc,https://www2.daad.de/deutschland/studienangebote/international-programmes/en/detail/4482/,https://www.make-it-in-germany.com/en/visa-residence/types/studying,2026-07-23,"Indian BBA: apply via uni-assist VPD where required; check ANABIN/ZAB for degree equivalence (H+). 3 semesters × (tuition+Semesterbeitrag); BW non-EU €1,500/sem tuition where applicable; TUM non-EU master's tuition where applicable."
Germany,Baden-Württemberg,University of Hohenheim,M.Sc. International Business and Economics (IBE),24,Business,6776,9961,Yes,18,Residence permit for job search (Section 20 AufenthG),per_semester_calc,https://www.uni-hohenheim.de/en/international-business-and-economics-masters,https://www.make-it-in-germany.com/en/visa-residence/types/studying,2026-07-23,"Indian BBA: apply via uni-assist VPD where required; check ANABIN/ZAB for degree equivalence (H+). 4 semesters × (tuition+Semesterbeitrag); BW non-EU €1,500/sem tuition where applicable; TUM non-EU master's tuition where applicable."
Germany,Bremen,University of Bremen,M.Sc. Business Administration (International Management specialization),24,Management,1280,1882,Yes,18,Residence permit for job search (Section 20 AufenthG),per_semester_calc,https://www.daad.de/en/studying-in-germany/universities/all-degree-programmes/detail/university-of-bremen-business-administration-w26878/?hec-id=w26878,https://www.make-it-in-germany.com/en/visa-residence/types/studying,2026-07-23,"Indian BBA: apply via uni-assist VPD where required; check ANABIN/ZAB for degree equivalence (H+). 4 semesters × (tuition+Semesterbeitrag); BW non-EU €1,500/sem tuition where applicable; TUM non-EU master's tuition where applicable."
Germany,Bavaria,University of Regensburg,M.Sc. Economics and Management,24,Management,340,500,Yes,18,Residence permit for job search (Section 20 AufenthG),per_semester_calc,https://www.uni-regensburg.de/wirtschaftswissenschaften/studium/studiengaenge/master-economics-and-management/index.html,https://www.make-it-in-germany.com/en/visa-residence/types/studying,2026-07-23,"Indian BBA: apply via uni-assist VPD where required; check ANABIN/ZAB for degree equivalence (H+). 4 semesters × (tuition+Semesterbeitrag); BW non-EU €1,500/sem tuition where applicable; TUM non-EU master's tuition where applicable."
Germany,Bavaria,University of Passau,M.Sc. Business Administration,24,Business,340,500,Yes,18,Residence permit for job search (Section 20 AufenthG),per_semester_calc,https://www.uni-passau.de/en/msc-busadmin/,https://www.make-it-in-germany.com/en/visa-residence/types/studying,2026-07-23,"Indian BBA: apply via uni-assist VPD where required; check ANABIN/ZAB for degree equivalence (H+). 4 semesters × (tuition+Semesterbeitrag); BW non-EU €1,500/sem tuition where applicable; TUM non-EU master's tuition where applicable."
Germany,Bavaria,University of Passau,M.Sc. International Economics and Business,24,Economics,340,500,Yes,18,Residence permit for job search (Section 20 AufenthG),per_semester_calc,https://www2.daad.de/deutschland/studienangebote/international-programmes/en/detail/3971/,https://www.make-it-in-germany.com/en/visa-residence/types/studying,2026-07-23,"Indian BBA: apply via uni-assist VPD where required; check ANABIN/ZAB for degree equivalence (H+). 4 semesters × (tuition+Semesterbeitrag); BW non-EU €1,500/sem tuition where applicable; TUM non-EU master's tuition where applicable."
Germany,Bavaria,University of Würzburg,M.Sc. Management International,24,Management,340,500,Yes,18,Residence permit for job search (Section 20 AufenthG),per_semester_calc,https://www.wiwi.uni-wuerzburg.de/studium/master/master-management-international/,https://www.make-it-in-germany.com/en/visa-residence/types/studying,2026-07-23,"Indian BBA: apply via uni-assist VPD where required; check ANABIN/ZAB for degree equivalence (H+). 4 semesters × (tuition+Semesterbeitrag); BW non-EU €1,500/sem tuition where applicable; TUM non-EU master's tuition where applicable."
Germany,Bavaria,University of Augsburg,M.Sc. Global Business Management,24,Management,340,500,Yes,18,Residence permit for job search (Section 20 AufenthG),per_semester_calc,https://www.daad.de/en/studying-in-germany/universities/all-degree-programmes/detail/university-of-augsburg-global-business-management-gbm-w35076/?hec-id=w35076,https://www.make-it-in-germany.com/en/visa-residence/types/studying,2026-07-23,"Indian BBA: apply via uni-assist VPD where required; check ANABIN/ZAB for degree equivalence (H+). 4 semesters × (tuition+Semesterbeitrag); BW non-EU €1,500/sem tuition where applicable; TUM non-EU master's tuition where applicable."
Germany,North Rhine-Westphalia,Paderborn University,M.Sc. International Economics and Management,24,Management,1280,1882,Yes,18,Residence permit for job search (Section 20 AufenthG),per_semester_calc,https://www.uni-paderborn.de/en/studyoffer/course_of_study/international-economics-and-management-master,https://www.make-it-in-germany.com/en/visa-residence/types/studying,2026-07-23,"Indian BBA: apply via uni-assist VPD where required; check ANABIN/ZAB for degree equivalence (H+). 4 semesters × (tuition+Semesterbeitrag); BW non-EU €1,500/sem tuition where applicable; TUM non-EU master's tuition where applicable."
Germany,Lower Saxony,University of Oldenburg,M.Sc. Business Administration,24,Business,1280,1882,Yes,18,Residence permit for job search (Section 20 AufenthG),per_semester_calc,https://www.uni-oldenburg.de/en/studies/degree-programs/business-administration-msc/,https://www.make-it-in-germany.com/en/visa-residence/types/studying,2026-07-23,"Indian BBA: apply via uni-assist VPD where required; check ANABIN/ZAB for degree equivalence (H+). 4 semesters × (tuition+Semesterbeitrag); BW non-EU €1,500/sem tuition where applicable; TUM non-EU master's tuition where applicable."
Germany,Saxony-Anhalt,Otto von Guericke University Magdeburg,"M.Sc. International Management, Marketing, Entrepreneurship (IMME)",24,Management,1280,1882,Yes,18,Residence permit for job search (Section 20 AufenthG),per_semester_calc,https://www2.daad.de/deutschland/studienangebote/international-programmes/en/detail/3995/,https://www.make-it-in-germany.com/en/visa-residence/types/studying,2026-07-23,"Indian BBA: apply via uni-assist VPD where required; check ANABIN/ZAB for degree equivalence (H+). 4 semesters × (tuition+Semesterbeitrag); BW non-EU €1,500/sem tuition where applicable; TUM non-EU master's tuition where applicable."
Germany,Rhineland-Palatinate,RPTU Kaiserslautern-Landau,M.Sc. Business Administration and Economics,24,Business,1280,1882,Yes,18,Residence permit for job search (Section 20 AufenthG),per_semester_calc,https://www2.daad.de/deutschland/studienangebote/international-programmes/en/detail/4405/,https://www.make-it-in-germany.com/en/visa-residence/types/studying,2026-07-23,"Indian BBA: apply via uni-assist VPD where required; check ANABIN/ZAB for degree equivalence (H+). 4 semesters × (tuition+Semesterbeitrag); BW non-EU €1,500/sem tuition where applicable; TUM non-EU master's tuition where applicable."
Germany,North Rhine-Westphalia,University of Siegen,M.Sc. Business Administration,24,Business,1280,1882,Yes,18,Residence permit for job search (Section 20 AufenthG),per_semester_calc,https://www2.daad.de/deutschland/studienangebote/international-programmes/en/detail/4431/,https://www.make-it-in-germany.com/en/visa-residence/types/studying,2026-07-23,"Indian BBA: apply via uni-assist VPD where required; check ANABIN/ZAB for degree equivalence (H+). 4 semesters × (tuition+Semesterbeitrag); BW non-EU €1,500/sem tuition where applicable; TUM non-EU master's tuition where applicable."
Germany,Saxony,Chemnitz University of Technology,M.Sc. Business and Economics,24,Business,1280,1882,Yes,18,Residence permit for job search (Section 20 AufenthG),per_semester_calc,https://www2.daad.de/deutschland/studienangebote/international-programmes/en/detail/10432/,https://www.make-it-in-germany.com/en/visa-residence/types/studying,2026-07-23,"Indian BBA: apply via uni-assist VPD where required; check ANABIN/ZAB for degree equivalence (H+). 4 semesters × (tuition+Semesterbeitrag); BW non-EU €1,500/sem tuition where applicable; TUM non-EU master's tuition where applicable."
